experience_slug,title,current_provinces_hint,hub_link_status,notes
afghan-carpets,Woven Stories: The Art and Geometry of the Afghan Carpet,"Balkh, Jowzjan, Faryab, Herat, Kabul",NEEDS JAMES REVIEW,Do not invent multi-hub links
afghan-weddings,A Feast for the Senses: The Joy of an Afghan Wedding,"Kabul, Balkh, Herat, Kandahar",NEEDS JAMES REVIEW,Invitation-only; hub linkage unclear
eid-and-celebrations,The Rhythms of Celebration,"Kabul, Herat, Balkh, Kandahar",NEEDS JAMES REVIEW,Calendar-driven; not hub-routed like craft stops
glassblowers-of-herat,The Glassblowers of Herat & Saffron Tea,Herat,NEEDS JAMES REVIEW,Likely herat-city in-hub — confirm before locking
gudiparan-bazi,Gudiparan Bazi (kite flying),,NEEDS JAMES REVIEW,Confirm season/access hubs
kaftar-bazi,Symphony of the Skies: Kaftar Bazi,Kabul,NEEDS JAMES REVIEW,Likely kabul-city private access — confirm
kuchi-nomads,Shadows of the Wind: Kuchi Nomads,"Bamyan, Ghor, Wardak, Ghazni",NEEDS JAMES REVIEW,Seasonal route-dependent; do not invent hubs
pahlawani,The Dust and the Clamor: Pahlawani,"Kabul, Ghazni, Balkh",NEEDS JAMES REVIEW,Local Friday schedules; confirm hubs
paktika-livestock-markets,Paktika Livestock Markets & Kuchi Culture,Paktika,NEEDS JAMES REVIEW,Access-sensitive; confirm whether any active hub applies
