faq_code,question,answer,category,tags,applies_to,priority,is_active
FAQ-001,Do I need a visa to visit Afghanistan?,"Most nationalities can now apply cleanly online via the official government e-Visa portal. AfghanTours provides necessary invitation letters and supporting documentation to secure your digital approval prior to arrival.",visas,visa|entry|travel-documents,global,1,1
FAQ-002,Can AfghanTours provide a visa invitation letter?,Yes. AfghanTours can provide official invitation letters and supporting tourism documentation for confirmed travelers when required for visa applications.,visas,visa|invitation-letter|support,global,2,1
FAQ-003,Is travel insurance required?,"Travel insurance is not legally required to visit Afghanistan, however AfghanTours strongly recommends comprehensive travel insurance that includes emergency medical coverage, evacuation, and high-risk destination coverage.",insurance,insurance|medical|evacuation|safety,global,1,1
FAQ-004,Is Afghanistan safe for tourists?,"Security conditions in Afghanistan vary significantly by region, season, and current events. AfghanTours coordinates routes, accommodations, transportation, and local support networks carefully to reduce unnecessary exposure and maintain structured travel planning.",safety,safety|security|travel-advice,global,1,1
FAQ-005,Can Americans travel to Afghanistan?,"American citizens can travel to Afghanistan, however travelers should carefully review current travel advisories and understand the risks associated with visiting the country.",visas,americans|usa|western-travelers,global,2,1
FAQ-006,Can women travel to Afghanistan?,"Yes. Female travelers can visit Afghanistan on our organized itineraries. AfghanTours handles all required local compliance, including managing transport documentation and ensuring proper local chaperones are integrated into the logistics as required by current regional practices.",safety,women|female-travelers|culture,global,1,1
FAQ-007,Can journalists and filmmakers visit Afghanistan?,"Yes. Afghanistan attracts journalists, documentary crews, photographers, and independent media professionals. Certain activities, filming equipment, or interviews may require additional approvals depending on the project.",media,journalists|media|filming|documentary,global,1,1
FAQ-008,Are drones allowed in Afghanistan?,Drone usage in Afghanistan is highly restricted and may require government approval. Travelers should contact AfghanTours before bringing drone equipment into the country.,media,drones|photography|filming,global,1,1
FAQ-009,Can I bring professional camera equipment?,"Professional camera equipment is generally permitted for tourism and documentary purposes, however some locations may restrict photography. AfghanTours can advise travelers before arrival.",media,photography|camera|media,global,2,1
FAQ-010,What currency is used in Afghanistan?,"The official currency is the Afghan Afghani (AFN). The economy runs entirely on cash. Travelers must bring physical cash—specifically pristine, unblemished US Dollar banknotes printed post-2013—which can easily be exchanged for AFN locally.",money,currency|cash|payments,global,1,1
FAQ-011,Can I use credit cards in Afghanistan?,Credit card acceptance is very limited in Afghanistan. Travelers should plan to rely primarily on cash during their trip.,money,cash|credit-cards|payments,global,2,1
FAQ-012,Is internet available in Afghanistan?,"Mobile internet and Wi-Fi are available in major cities and some hotels, though reliability varies significantly. Many premium international providers offer roaming data packages by leveraging coverage agreements with local Afghan infrastructure.",internet,wifi|internet|mobile-data,global,2,1
FAQ-013,What mobile networks work in Afghanistan?,"Major local providers include Afghan Wireless (AWCC), Roshan, and Salaam. Additionally, many international physical and digital SIM cards offer seamless service here by piggybacking directly onto these local networks via roaming agreements.",internet,mobile-service|sim-card|coverage,global,3,1
FAQ-014,Can AfghanTours arrange airport pickup?,"Yes. AfghanTours can arrange airport pickup, transportation, hotel transfers, and in-country logistics support for confirmed travelers.",transport,airport|pickup|transportation,global,1,1
FAQ-015,What type of vehicles are used on tours?,"Vehicle types depend on the route and season. AfghanTours commonly uses SUVs, Land Cruisers, vans, and 4x4 vehicles suited for Afghan road conditions.",transport,vehicles|4x4|road-travel,global,2,1
FAQ-016,Are roads in Afghanistan difficult?,"Road conditions vary significantly throughout Afghanistan. Some highways are paved while remote mountain roads may be rough, seasonal, or affected by weather conditions.",transport,roads|driving|mountains,global,2,1
FAQ-017,Can AfghanTours support mountaineering expeditions?,"Yes. AfghanTours can coordinate logistics support for mountaineering and trekking expeditions including transportation, permits, local coordination, and expedition support.",expeditions,mountaineering|trekking|noshaq|wakhan,expeditions,1,1
FAQ-018,What should I wear in Afghanistan?,Travelers should dress modestly and respectfully in accordance with local customs. Loose-fitting clothing is strongly recommended.,culture,clothing|dress-code|culture,global,2,1
FAQ-019,Is alcohol allowed in Afghanistan?,Alcohol is highly restricted in Afghanistan and travelers should not expect legal public access to alcohol.,culture,alcohol|laws|customs,global,2,1
FAQ-020,Is Afghan food safe to eat?,Afghan cuisine is an important part of the travel experience. AfghanTours helps travelers select reputable restaurants and accommodations that follow proper food preparation standards.,food,food-safety|restaurants|cuisine,global,2,1
FAQ-021,Is bottled water available?,Yes. Bottled water is widely available in major cities and is recommended for international travelers.,food,water|health|hydration,global,3,1
FAQ-022,Do hotels in Afghanistan have hot water and electricity?,"Many hotels in major cities offer hot water, generators, and basic modern amenities, however standards vary depending on location.",hotels,hotels|electricity|generators,global,2,1
FAQ-023,Can foreigners stay in hotels in Afghanistan?,"Yes. AfghanTours works with hotels accustomed to hosting international travelers, journalists, NGO personnel, and business visitors.",hotels,foreigners|accommodation|travelers,global,2,1
FAQ-024,Does AfghanTours provide guides?,"Yes. AfghanTours provides local guides, drivers, translators, and logistical support depending on the tour and traveler requirements.",tours,guides|drivers|translation,global,1,1
FAQ-025,Can AfghanTours arrange custom tours?,"Yes. Most itineraries can be customized based on traveler interests, timeframe, budget, and operational conditions.",tours,custom-tours|private-travel|itineraries,global,1,1
FAQ-026,What is the best season to visit Afghanistan?,"Spring and autumn are generally considered the best seasons for travel in much of Afghanistan, although certain activities such as skiing are seasonal.",weather,seasons|climate|travel-planning,global,2,1
FAQ-027,Can I visit Bamyan in winter?,"Yes. Bamyan is one of Afghanistan’s primary winter tourism destinations and attracts visitors for skiing, snow activities, and mountain scenery.",weather,bamyan|winter|skiing,bamyan,1,1
FAQ-028,Do I need skiing experience for the Bamyan Ski Tour?,"Participants should have prior backcountry or off-piste skiing experience. The Bamyan Ski Tour involves ungroomed terrain, high altitude, and physically demanding conditions.",tours,ski|bamyan|winter-tour,bamyan-skiing-tour,1,1
FAQ-029,Can AfghanTours support mountaineering expeditions?,"Yes. AfghanTours can coordinate logistics support for mountaineering and trekking expeditions including transportation, permits, local coordination, and expedition support.",expeditions,mountaineering|trekking|noshaq|wakhan,expeditions,1,1
FAQ-030,Does AfghanTours provide technical climbing guides?,Technical climbing support may be available on a limited basis depending on the expedition. Travelers requiring advanced mountaineering support should contact AfghanTours directly before booking.,expeditions,climbing|technical-guide|mountaineering,expeditions,2,1
FAQ-031,Can AfghanTours help with permits for restricted areas?,Certain provinces and border regions may require permits or advance coordination. AfghanTours assists confirmed travelers with the required coordination whenever possible.,permits,permits|restricted-areas|travel-authorization,global,1,1
FAQ-032,Are LGBTQ travelers allowed to visit Afghanistan?,Travelers should understand that Afghanistan is a conservative Islamic society with cultural and legal norms that differ significantly from many western countries. Discretion and cultural sensitivity are strongly advised.,safety,lgbtq|culture|laws,global,3,1
FAQ-033,Do I need vaccinations before traveling to Afghanistan?,Travelers should consult a medical professional or travel clinic before visiting Afghanistan to review recommended vaccinations and health precautions.,health,vaccinations|medical|travel-health,global,2,1
FAQ-034,Can AfghanTours support business or media visits?,"Yes. AfghanTours can support business delegations, media visits, documentary projects, research teams, and logistics coordination throughout Afghanistan.",media,business|media|documentary|logistics,global,1,1
FAQ-035,How do I book a tour with AfghanTours?,"Travelers can contact AfghanTours through the website inquiry forms, WhatsApp, or email to discuss itinerary planning and availability.",booking,booking|contact|whatsapp,global,1,1
FAQ-036,Can I travel independently in Afghanistan?,AfghanTours recommends that international visitors travel with pre-arranged logistics and local support. Independent travel may be possible in certain circumstances but requires significant planning and local knowledge.,tours,independent-travel|planning|guides,global,2,1
FAQ-037,What is included in a typical AfghanTours package?,"Tour inclusions vary by itinerary but may include airport transfers, accommodation, transportation, guides, logistical support, and selected meals. Detailed inclusions are provided with each tour.",booking,inclusions|tour-package|services,global,2,1
FAQ-038,Can I upgrade my hotel accommodations?,"Yes. Where available, travelers may upgrade from the standard accommodation package to premium hotel options for an additional cost.",hotels,hotel-upgrades|accommodation,global,3,1
FAQ-039,Do I need to wear local Afghan clothing?,No. Wearing Afghan clothing is optional. Many travelers enjoy participating in cultural clothing experiences arranged during their visit.,culture,afghan-clothes|culture|traditions,global,3,1
FAQ-040,Can I photograph local people?,"Always ask permission before photographing individuals. AfghanTours guides can assist travelers in navigating cultural expectations and respectful photography practices.",media,photography|people|culture,global,2,1
FAQ-041,Can I bring prescription medication?,Travelers should carry prescription medications in their original packaging along with copies of prescriptions when possible. AfghanTours recommends checking current regulations before travel.,health,medication|health|prescriptions,global,2,1
FAQ-042,Can I exchange money in Afghanistan?,Currency exchange services are widely available in major cities. AfghanTours can advise travelers on practical money handling and exchange options during their visit.,money,currency-exchange|cash,global,2,1
FAQ-043,What languages are spoken in Afghanistan?,"Dari and Pashto are the two official languages of Afghanistan. English may be spoken by some guides, hotel staff, and business professionals.",culture,language|dari|pashto,global,3,1
FAQ-044,Can AfghanTours arrange domestic flights between major cities?,"Yes. Domestic flights can often be arranged between cities such as Kabul, Herat, Mazar-e-Sharif, and Kandahar depending on airline schedules and operational conditions.",transport,domestic-flights|air-travel,global,2,1
FAQ-045,How far in advance should I book?,"AfghanTours recommends booking several weeks or months in advance whenever possible, particularly for customized itineraries, visa support requests, and seasonal tours.",booking,reservations|planning,global,2,1
FAQ-046,Why choose AfghanTours instead of arranging a trip myself?,"Afghanistan rewards preparation. AfghanTours combines local expertise, established relationships, transportation coordination, accommodation management, visa support, and on-the-ground assistance to help travelers experience the country with confidence. Our itineraries are built around real conditions, practical logistics, and years of operating experience in Afghanistan.",booking,why-afghantours|planning|support,global,1,1
FAQ-047,Can I use an eSIM in Afghanistan?,"While local Afghan telecom desks primarily sell physical SIM cards to tourists, many travelers successfully use international travel eSIM apps (like Saily or Airalo) which provide data by automatically roaming on local Afghan partner networks.",internet,esim|sim-card|mobile-data,global,3,1