tour_code,tour_slug,day_number,attraction_code
WKND,weekend-in-kabul,1,KBL-013
WKND,weekend-in-kabul,1,KBL-015
WKND,weekend-in-kabul,1,KBL-007
WKND,weekend-in-kabul,1,KBL-003
WKND,weekend-in-kabul,2,KBL-002
WKND,weekend-in-kabul,2,KBL-001
WKND,weekend-in-kabul,2,KBL-005
WKND,weekend-in-kabul,2,KBL-009
WKND,weekend-in-kabul,3,KBL-008
WKND,weekend-in-kabul,3,KBL-012
KBLS,kabul-surroundings,1,KBL-013
KBLS,kabul-surroundings,1,KBL-015
KBLS,kabul-surroundings,1,KBL-007
KBLS,kabul-surroundings,2,KBL-002
KBLS,kabul-surroundings,2,KBL-001
KBLS,kabul-surroundings,2,KBL-003
KBLS,kabul-surroundings,2,KBL-005
KBLS,kabul-surroundings,2,KBL-009
KBLS,kabul-surroundings,3,PRW-002
KBLS,kabul-surroundings,3,PJR-001
KBLS,kabul-surroundings,3,PJR-002
KBLS,kabul-surroundings,4,NGH-001
KBLS,kabul-surroundings,4,NGH-002
KBLS,kabul-surroundings,4,NGH-003
KBLS,kabul-surroundings,5,KBL-008
KBLS,kabul-surroundings,5,KBL-012
KBLS,kabul-surroundings,5,KBL-006
BSKI,bamyan-skiing-tour,1,KBL-003
BSKI,bamyan-skiing-tour,1,KBL-007
BSKI,bamyan-skiing-tour,2,BMY-001
BSKI,bamyan-skiing-tour,2,BMY-002
BSKI,bamyan-skiing-tour,3,BMY-005
BSKI,bamyan-skiing-tour,4,BMY-001
BSKI,bamyan-skiing-tour,4,BMY-002
BSKI,bamyan-skiing-tour,4,BMY-003
BSKI,bamyan-skiing-tour,4,BMY-006
PVEH,panjshir-valley-emeralds-history,1,KBL-003
PVEH,panjshir-valley-emeralds-history,1,KBL-007
PVEH,panjshir-valley-emeralds-history,2,PRW-002
PVEH,panjshir-valley-emeralds-history,2,PJR-001
PVEH,panjshir-valley-emeralds-history,2,PJR-002
PVEH,panjshir-valley-emeralds-history,3,KBL-002
PVEH,panjshir-valley-emeralds-history,3,KBL-001
PVEH,panjshir-valley-emeralds-history,3,KBL-005
PVEH,panjshir-valley-emeralds-history,3,KBL-009
PVEH,panjshir-valley-emeralds-history,4,KBL-015
CAD,central-afghanistan-discovery,1,KBL-003
CAD,central-afghanistan-discovery,1,KBL-013
CAD,central-afghanistan-discovery,1,KBL-015
CAD,central-afghanistan-discovery,2,PRW-001
CAD,central-afghanistan-discovery,2,WRD-001
CAD,central-afghanistan-discovery,3,BMY-001
CAD,central-afghanistan-discovery,3,BMY-002
CAD,central-afghanistan-discovery,3,BMY-003
CAD,central-afghanistan-discovery,4,BMY-004
CAD,central-afghanistan-discovery,5,WRD-001
CAD,central-afghanistan-discovery,6,KBL-002
CAD,central-afghanistan-discovery,6,KBL-001
CAD,central-afghanistan-discovery,6,KBL-005
CAD,central-afghanistan-discovery,6,KBL-009
CAD,central-afghanistan-discovery,7,KBL-007
ADTS,afghanistan-discovery-tour-spring,1,KBL-003
ADTS,afghanistan-discovery-tour-spring,1,KBL-013
ADTS,afghanistan-discovery-tour-spring,1,KBL-015
ADTS,afghanistan-discovery-tour-spring,2,KBL-002
ADTS,afghanistan-discovery-tour-spring,2,KBL-001
ADTS,afghanistan-discovery-tour-spring,2,KBL-005
ADTS,afghanistan-discovery-tour-spring,2,KBL-009
ADTS,afghanistan-discovery-tour-spring,3,HER-001
ADTS,afghanistan-discovery-tour-spring,3,HER-002
ADTS,afghanistan-discovery-tour-spring,4,HER-003
ADTS,afghanistan-discovery-tour-spring,4,HER-002
ADTS,afghanistan-discovery-tour-spring,4,HER-004
ADTS,afghanistan-discovery-tour-spring,4,HER-001
ADTS,afghanistan-discovery-tour-spring,5,KBL-007
ADTS,afghanistan-discovery-tour-spring,6,PRW-001
ADTS,afghanistan-discovery-tour-spring,6,WRD-001
ADTS,afghanistan-discovery-tour-spring,7,BMY-001
ADTS,afghanistan-discovery-tour-spring,7,BMY-002
ADTS,afghanistan-discovery-tour-spring,7,BMY-003
ADTS,afghanistan-discovery-tour-spring,7,BMY-006
ADTS,afghanistan-discovery-tour-spring,8,BMY-004
ADTS,afghanistan-discovery-tour-spring,8,BMY-005
ADTF,afghanistan-discovery-tour-fall,1,KBL-003
ADTF,afghanistan-discovery-tour-fall,1,KBL-013
ADTF,afghanistan-discovery-tour-fall,1,KBL-015
ADTF,afghanistan-discovery-tour-fall,2,KBL-002
ADTF,afghanistan-discovery-tour-fall,2,KBL-001
ADTF,afghanistan-discovery-tour-fall,2,KBL-005
ADTF,afghanistan-discovery-tour-fall,2,KBL-009
ADTF,afghanistan-discovery-tour-fall,3,HER-001
ADTF,afghanistan-discovery-tour-fall,3,HER-002
ADTF,afghanistan-discovery-tour-fall,4,HER-003
ADTF,afghanistan-discovery-tour-fall,4,HER-002
ADTF,afghanistan-discovery-tour-fall,4,HER-004
ADTF,afghanistan-discovery-tour-fall,4,HER-001
ADTF,afghanistan-discovery-tour-fall,5,KBL-007
ADTF,afghanistan-discovery-tour-fall,6,PRW-001
ADTF,afghanistan-discovery-tour-fall,6,WRD-001
ADTF,afghanistan-discovery-tour-fall,7,BMY-001
ADTF,afghanistan-discovery-tour-fall,7,BMY-002
ADTF,afghanistan-discovery-tour-fall,7,BMY-003
ADTF,afghanistan-discovery-tour-fall,7,BMY-006
ADTF,afghanistan-discovery-tour-fall,8,BMY-004
ADTF,afghanistan-discovery-tour-fall,8,BMY-005
BUZE,buzkashi-expedition,1,KBL-003
BUZE,buzkashi-expedition,1,KBL-007
BUZE,buzkashi-expedition,2,KBL-013
BUZE,buzkashi-expedition,2,KBL-015
BUZE,buzkashi-expedition,2,KBL-002
BUZE,buzkashi-expedition,2,KBL-009
BUZE,buzkashi-expedition,3,PRW-001
BUZE,buzkashi-expedition,3,SAM-001
BUZE,buzkashi-expedition,4,BAL-001
BUZE,buzkashi-expedition,5,BAL-006
BUZE,buzkashi-expedition,6,BAL-002
BUZE,buzkashi-expedition,6,BAL-003
BUZE,buzkashi-expedition,6,BAL-004
BUZE,buzkashi-expedition,6,BAL-005
BUZE,buzkashi-expedition,7,SAM-001
BUZE,buzkashi-expedition,7,SAM-002
BUZE,buzkashi-expedition,8,KBL-017
BUZE,buzkashi-expedition,9,KBL-007
BUZE,buzkashi-expedition,9,KBL-005
BUZE,buzkashi-expedition,9,KBL-012
SUMC,summer-circuit,1,KBL-003
SUMC,summer-circuit,1,KBL-007
SUMC,summer-circuit,2,KBL-002
SUMC,summer-circuit,2,KBL-001
SUMC,summer-circuit,2,KBL-003
SUMC,summer-circuit,2,KBL-005
SUMC,summer-circuit,3,PRW-001
SUMC,summer-circuit,3,SAM-001
SUMC,summer-circuit,4,BAL-001
SUMC,summer-circuit,4,BAL-002
SUMC,summer-circuit,4,BAL-003
SUMC,summer-circuit,4,BAL-004
SUMC,summer-circuit,5,SAM-001
SUMC,summer-circuit,5,SAM-002
SUMC,summer-circuit,5,KDZ-001
SUMC,summer-circuit,6,BMY-005
SUMC,summer-circuit,7,BMY-001
SUMC,summer-circuit,7,BMY-002
SUMC,summer-circuit,7,BMY-003
SUMC,summer-circuit,7,BMY-004
SUMC,summer-circuit,8,WRD-001
WNTC,winter-circuit,1,KBL-003
WNTC,winter-circuit,1,KBL-007
WNTC,winter-circuit,2,KBL-002
WNTC,winter-circuit,2,KBL-001
WNTC,winter-circuit,2,KBL-003
WNTC,winter-circuit,2,KBL-005
WNTC,winter-circuit,3,PRW-001
WNTC,winter-circuit,3,SAM-001
WNTC,winter-circuit,4,BAL-001
WNTC,winter-circuit,4,BAL-002
WNTC,winter-circuit,4,BAL-003
WNTC,winter-circuit,4,BAL-004
WNTC,winter-circuit,5,SAM-001
WNTC,winter-circuit,5,SAM-002
WNTC,winter-circuit,5,KDZ-001
WNTC,winter-circuit,6,PRW-001
WNTC,winter-circuit,7,WRD-001
WNTC,winter-circuit,7,BMY-005
WNTC,winter-circuit,8,BMY-001
WNTC,winter-circuit,8,BMY-002
WNTC,winter-circuit,8,BMY-003
WNTC,winter-circuit,9,BMY-004
WNTC,winter-circuit,9,BMY-005
WNTC,winter-circuit,10,WRD-001
WNTC,winter-circuit,11,KBL-015
WNTC,winter-circuit,11,KBL-007
WNTC,winter-circuit,11,KBL-009
WNTC,winter-circuit,11,KBL-005
TGHT,timurid-grandeur-herat-tour,1,KBL-003
TGHT,timurid-grandeur-herat-tour,1,KBL-007
TGHT,timurid-grandeur-herat-tour,2,KBL-002
TGHT,timurid-grandeur-herat-tour,2,KBL-001
TGHT,timurid-grandeur-herat-tour,2,KBL-005
TGHT,timurid-grandeur-herat-tour,3,HER-001
TGHT,timurid-grandeur-herat-tour,3,HER-002
TGHT,timurid-grandeur-herat-tour,4,HER-003
TGHT,timurid-grandeur-herat-tour,4,HER-002
TGHT,timurid-grandeur-herat-tour,4,HER-004
TGHT,timurid-grandeur-herat-tour,5,HER-001
TGHT,timurid-grandeur-herat-tour,5,HER-004
TGHT,timurid-grandeur-herat-tour,6,KBL-006
TGHT,timurid-grandeur-herat-tour,6,KBL-009
KTDE,kandahar-durrani-empire-tour,1,KBL-003
KTDE,kandahar-durrani-empire-tour,1,KBL-007
KTDE,kandahar-durrani-empire-tour,2,KBL-002
KTDE,kandahar-durrani-empire-tour,2,KBL-001
KTDE,kandahar-durrani-empire-tour,2,KBL-017
KTDE,kandahar-durrani-empire-tour,3,KDR-006
KTDE,kandahar-durrani-empire-tour,4,KDR-001
KTDE,kandahar-durrani-empire-tour,4,KDR-002
KTDE,kandahar-durrani-empire-tour,4,KDR-003
KTDE,kandahar-durrani-empire-tour,4,KDR-004
KTDE,kandahar-durrani-empire-tour,5,KDR-005
TSRA,treasures-of-silk-road-afghanistan,1,KBL-003
TSRA,treasures-of-silk-road-afghanistan,1,KBL-007
TSRA,treasures-of-silk-road-afghanistan,2,KBL-002
TSRA,treasures-of-silk-road-afghanistan,2,KBL-001
TSRA,treasures-of-silk-road-afghanistan,2,KBL-003
TSRA,treasures-of-silk-road-afghanistan,2,KBL-005
TSRA,treasures-of-silk-road-afghanistan,3,WRD-001
TSRA,treasures-of-silk-road-afghanistan,3,BMY-005
TSRA,treasures-of-silk-road-afghanistan,4,BMY-001
TSRA,treasures-of-silk-road-afghanistan,4,BMY-002
TSRA,treasures-of-silk-road-afghanistan,4,BMY-003
TSRA,treasures-of-silk-road-afghanistan,4,BMY-004
TSRA,treasures-of-silk-road-afghanistan,5,HER-001
TSRA,treasures-of-silk-road-afghanistan,6,HER-003
TSRA,treasures-of-silk-road-afghanistan,6,HER-002
TSRA,treasures-of-silk-road-afghanistan,6,HER-004
TSRA,treasures-of-silk-road-afghanistan,6,HER-001
TSRA,treasures-of-silk-road-afghanistan,7,BAL-001
TSRA,treasures-of-silk-road-afghanistan,8,BAL-002
TSRA,treasures-of-silk-road-afghanistan,8,BAL-003
TSRA,treasures-of-silk-road-afghanistan,8,BAL-004
TSRA,treasures-of-silk-road-afghanistan,8,BAL-005
TSRA,treasures-of-silk-road-afghanistan,8,BAL-006
TSRA,treasures-of-silk-road-afghanistan,9,SAM-001
TSRA,treasures-of-silk-road-afghanistan,9,SAM-002
TTWC,trek-the-wakhan-corridor,1,KBL-003
TTWC,trek-the-wakhan-corridor,1,KBL-007
TTWC,trek-the-wakhan-corridor,2,BAL-001
TTWC,trek-the-wakhan-corridor,3,BAL-002
TTWC,trek-the-wakhan-corridor,3,BAL-003
TTWC,trek-the-wakhan-corridor,3,BAL-004
TTWC,trek-the-wakhan-corridor,4,KDZ-001
TTWC,trek-the-wakhan-corridor,4,TKH-001
TTWC,trek-the-wakhan-corridor,5,BDK-001
TTWC,trek-the-wakhan-corridor,6,BDK-001
TTWC,trek-the-wakhan-corridor,7,BDK-002
TTWC,trek-the-wakhan-corridor,8,BDK-002
TTWC,trek-the-wakhan-corridor,9,BDK-001
TTWC,trek-the-wakhan-corridor,9,BDK-003
TTWC,trek-the-wakhan-corridor,10,BDK-001
TTWC,trek-the-wakhan-corridor,11,TKH-001
TTWC,trek-the-wakhan-corridor,12,KDZ-001
TTWC,trek-the-wakhan-corridor,13,BAL-001
TTWC,trek-the-wakhan-corridor,14,SAM-001
TTWC,trek-the-wakhan-corridor,14,SAM-002
TTWC,trek-the-wakhan-corridor,15,PRW-001
TTWC,trek-the-wakhan-corridor,16,KBL-007
TTWC,trek-the-wakhan-corridor,16,KBL-015
TTWC,trek-the-wakhan-corridor,16,KBL-005
TTWC,trek-the-wakhan-corridor,17,PJR-001
TTWC,trek-the-wakhan-corridor,17,PJR-002
TTWC,trek-the-wakhan-corridor,17,PRW-002
TTWC,trek-the-wakhan-corridor,18,KBL-002
TTWC,trek-the-wakhan-corridor,18,KBL-001
TTWC,trek-the-wakhan-corridor,18,KBL-003
TTWC,trek-the-wakhan-corridor,19,KBL-012
TTWC,trek-the-wakhan-corridor,19,KBL-014
TTWC,trek-the-wakhan-corridor,19,KBL-019
TTWC,trek-the-wakhan-corridor,20,KBL-006
PHOT,photography-tour,1,KBL-003
PHOT,photography-tour,1,KBL-007
PHOT,photography-tour,2,KBL-002
PHOT,photography-tour,2,KBL-013
PHOT,photography-tour,2,KBL-015
PHOT,photography-tour,3,BMY-001
PHOT,photography-tour,3,BMY-002
PHOT,photography-tour,3,BMY-003
PHOT,photography-tour,4,BMY-004
PHOT,photography-tour,4,BMY-005
PHOT,photography-tour,5,HER-002
PHOT,photography-tour,5,HER-003
PHOT,photography-tour,5,HER-004
PHOT,photography-tour,6,BAL-001
PHOT,photography-tour,6,BAL-002
PHOT,photography-tour,6,BAL-003
PHOT,photography-tour,7,SAM-001
PHOT,photography-tour,7,SAM-002
PHOT,photography-tour,8,KBL-005
PHOT,photography-tour,8,KBL-009
PHOT,photography-tour,9,KBL-007
PHOT,photography-tour,9,KBL-015
PHOT,photography-tour,10,BMY-001
PHOT,photography-tour,10,BMY-002
PHOT,photography-tour,10,BMY-003
PHOT,photography-tour,11,BMY-004
PHOT,photography-tour,11,BMY-005
PHOT,photography-tour,12,HER-002
PHOT,photography-tour,12,HER-003
PHOT,photography-tour,12,HER-004
SCIE,scientific-expeditions,1,KBL-003
SCIE,scientific-expeditions,1,KBL-007
SCIE,scientific-expeditions,2,KBL-002
SCIE,scientific-expeditions,2,KBL-013
SCIE,scientific-expeditions,2,KBL-015
SCIE,scientific-expeditions,3,BMY-001
SCIE,scientific-expeditions,3,BMY-002
SCIE,scientific-expeditions,3,BMY-003
SCIE,scientific-expeditions,4,BMY-004
SCIE,scientific-expeditions,4,BMY-005
SCIE,scientific-expeditions,5,HER-002
SCIE,scientific-expeditions,5,HER-003
SCIE,scientific-expeditions,5,HER-004
SCIE,scientific-expeditions,6,BAL-001
SCIE,scientific-expeditions,6,BAL-002
SCIE,scientific-expeditions,6,BAL-003
SCIE,scientific-expeditions,7,SAM-001
SCIE,scientific-expeditions,7,SAM-002
SCIE,scientific-expeditions,8,KBL-005
SCIE,scientific-expeditions,8,KBL-009
SCIE,scientific-expeditions,9,KBL-007
SCIE,scientific-expeditions,9,KBL-015
SCIE,scientific-expeditions,10,BMY-001
SCIE,scientific-expeditions,10,BMY-002
SCIE,scientific-expeditions,10,BMY-003
SCIE,scientific-expeditions,11,BMY-004
SCIE,scientific-expeditions,11,BMY-005
SCIE,scientific-expeditions,12,HER-002
SCIE,scientific-expeditions,12,HER-003
SCIE,scientific-expeditions,12,HER-004
SCIE,scientific-expeditions,13,BAL-001
SCIE,scientific-expeditions,13,BAL-002
SCIE,scientific-expeditions,13,BAL-003
SCIE,scientific-expeditions,14,SAM-001
SCIE,scientific-expeditions,14,SAM-002
NOSHAQ,noshaq-expedition-support,1,KBL-003
NOSHAQ,noshaq-expedition-support,1,KBL-007
NOSHAQ,noshaq-expedition-support,2,KBL-002
NOSHAQ,noshaq-expedition-support,2,KBL-013
NOSHAQ,noshaq-expedition-support,2,KBL-015
NOSHAQ,noshaq-expedition-support,3,KDZ-001
NOSHAQ,noshaq-expedition-support,4,BDK-001
NOSHAQ,noshaq-expedition-support,5,BDK-001
NOSHAQ,noshaq-expedition-support,6,BDK-002
NOSHAQ,noshaq-expedition-support,7,BDK-003
NOSHAQ,noshaq-expedition-support,8,BDK-003
NOSHAQ,noshaq-expedition-support,9,BDK-003
NOSHAQ,noshaq-expedition-support,10,BDK-003
NOSHAQ,noshaq-expedition-support,11,BDK-003
NOSHAQ,noshaq-expedition-support,12,BDK-003
NOSHAQ,noshaq-expedition-support,13,BDK-003
NOSHAQ,noshaq-expedition-support,14,BDK-003
NOSHAQ,noshaq-expedition-support,15,BDK-003
NOSHAQ,noshaq-expedition-support,16,BDK-001
NOSHAQ,noshaq-expedition-support,17,BDK-001
NOSHAQ,noshaq-expedition-support,19,KBL-007
NOSHAQ,noshaq-expedition-support,20,KBL-006
